"http://www.spectercolor.ru/ctati/page-7/";"Cтатьи - страница 7";"13,98";"";"rub";"";"0";"";"1512680350";"13,98";"13,98rub=18%  1025rub=13%  1291rub=13%  29,8rub=13%  417,2rub=13%  279,6rub=6%  "
"http://www.b2b-energo.ru/market/view.html%3fid%3d151621";"Поставка краски &mdash_ Тендер № 151621 &mdash_ B2B-Energo";"10000";"";"rub";"";"0";"";"1512680351";"10000";"10000rub=80%  "
"http://www.mirgermetikov.ru/product/leningradskie-kraski-belila-titanovye-ma-15-klass-ekonom";"ЛЕНИНГРАДСКИЕ КРАСКИ Белила титановые МА-15 класс ЭКОНОМ";"133";"";"rub";"";"0";"";"1512680402";"133";"133rub=58%  1000rub=15%  50000rub=5%  "
"https://sklad-kraski.ru/product/maslyanaya-kraska-belila-titanovye-ma-15-leningradskie-kraski/";"Масляная краска белила титановые МА-15 Ленинградские краски купить (3 кг, 0,9 кг, 1,9 кг, 24 кг) в Москве, цена";"4185565";"";"rub";"";"0";"";"1512680403";"4185565";"4185565rub=41%  2008,3rub=5%  2114rub=4%  105rub=2%  110rub=2%  1529rub=2%  1562rub=2%  167rub=2%  195,7rub=2%  206rub=2%  2083rub=2%  216rub=2%  2219rub=2%  295,45rub=2%  311rub=2%  327rub=2%  99,75rub=2%  "
"http://www.bafus.ru/ma-15/";"МА-15 - краска. Продажа материалов МА-15: возможность сравнить и купить оптом ЛКМ";"928391";"";"rub";"";"0";"";"1512680404";"928391";"928391rub=80%  "
"http://www.spectercolor.ru/produkciya/maslyanye-kraski/ma-15-belila-titanovye/";"Продукция :: Масляные краски :: МА-15 Белила титановые 25 кг.";"1652";"";"rub";"";"0";"";"1512680405";"1652";"1652rub=20%  13,98rub=8%  1025rub=6%  1291rub=6%  1675rub=6%  29,8rub=6%  417,2rub=6%  1300rub=3%  1460,25rub=3%  1593rub=3%  1858,5rub=3%  279,6rub=3%  66,08rub=3%  "
"https://www.kraskioboi.ru/belila/4154-teks-ekonom-ma-15-belila-titanovye-24kg.html";"ТЕКС ЭКОНОМ МА 15 белила титановые (24кг)  описание,   купить краска цена, краска фасад , акриловый краска  грунтовка  купить...";"2330,51";"";"rub";"";"0";"";"1512680406";"2330,51";"2330,51rub=35%  1425rub=11%  1138rub=5%  197rub=5%  325rub=5%  3497rub=5%  4304rub=5%  525rub=5%  "
"http://www.vse-kraski.ru/catalog/kraski/7-kraska_ma-15.html";"Краска МА-15 купить по низкой цене";"46,9";"";"rub";"";"0";"";"1512680407";"46,9";"46,9rub=9%  19rub=4%  390rub=4%  395rub=4%  48,9rub=4%  48rub=4%  52,9rub=4%  55,9rub=4%  67,2rub=4%  105rub=2%  29rub=2%  34rub=2%  36rub=2%  42,5rub=2%  430rub=2%  52rub=2%  560rub=2%  58,1rub=2%  59,9rub=2%  710rub=2%  72,76rub=2%  77rub=2%  80,92rub=2%  92,5rub=2%  96rub=2%  99,9rub=2%  "
"http://www.tor-impeks.ru/katalog/lakokrasochnye_materialy/enamel/kraska_ma_15_belila_titanovye_28_kg/";"Краска МА-15 белила титановые, цена - купить в Москве";"55,28";"";"rub";"";"0";"";"1512680408";"55,28";"55,28rub=24%  1547,84rub=9%  2414,52rub=9%  3000rub=9%  48,6rub=9%  63,54rub=9%  64,8rub=9%  "
"https://snabprof.ru/catalog/kraska-maslyanaya/leningradskie-kraski-belila-titanovye-ma-15-klass-ekonom-0-9kg/";"ЛЕНИНГРАДСКИЕ КРАСКИ Белила титановые МА-15 класс ЭКОНОМ (0,9кг): купить краска масляная, цены с доставкой | SnabProf.ru";"2500";"";"rub";"";"0";"";"1512680409";"2500";"2500rub=8%  3000rub=8%  110rub=7%  2000rub=5%  3500rub=5%  4500rub=5%  100rub=2%  1500rub=2%  169rub=2%  199rub=2%  2157rub=2%  4000rub=2%  5000rub=2%  500rub=2%  5500rub=2%  6000rub=2%  600rub=2%  6500rub=2%  7000rub=2%  "
"https://www.remont3000.ru/kraski_maslyanie/leningradskie-kraski-kraska-maslyanaya-ma-15-belaya-24kg.html";"ЛЕНИНГРАДСКИЕ КРАСКИ краска масляная МА-15 белая (24кг) | Купить по лучшей цене в интернет-магазине стройматериалов «Ремонт 3000»";"2565";"";"rub";"";"0";"";"1512680410";"2565";"2565rub=80%  "
"https://www.maxidom.ru/catalog/kraska-i-maljarnyjj-instrument/kraski/kraski-masljanye/1001029321/";"краска масляная МА-15 СТРОИТЕЛЬ белила титановые 2,6кг - купить в Максидоме| Каталог с ценами на сайте, доставка.";"335";"";"rub";"";"0";"";"1512680411";"335";"335rub=80%  "
"http://m-delivery.ru/item_2372.php";"Купить краску масляную ЛОНТРЕК МА-15 Красно-коричневую (20 кг) – стоимость: 1450 рублей – m-delivery.ru";"1450";"";"rub";"";"0";"";"1512680416";"1450";"1450rub=75%  284rub=2%  345rub=2%  "
"https://masterya.com/kraska-maslyanaya-ma-15-belila-titanovyie-1-kg";"Краска МА-15 (белила титановые) 1 кг";"125";"";"rub";"";"0";"";"1512680417";"125";"125rub=28%  19322rub=20%  241rub=7%  2863rub=7%  430rub=7%  511rub=7%  "
"http://tdremont.ru/catalog/kraski-maslyanye/kraska-maslyanaya-ma-15/";"Краска масляная МА-15 - цена | Купить в ТД Ремонт";"100";"";"rub";"";"0";"";"1512680418";"100";"100rub=44%  1292rub=33%  1447rub=1%  "
